{
    "0x55983a05": [
        {
            "Hash": "0x35d082f0",
            "Unknown": 29,
            "Event": {
                "FloorContact": {
                    "Hold Array": [
                        {
                            "Parameters": [
                                "Toe_1_BR",
                                [
                                    -0.0430000014603138,
                                    -0.028999999165534973,
                                    0.00800000037997961
                                ],
                                ""
                            ],
                            "Start Frame": 0.0,
                            "End Frame": 5.0
                        },
                        {
                            "Parameters": [
                                "Toe_1_BL",
                                [
                                    -0.09200000017881393,
                                    -0.019999999552965164,
                                    -0.07100000232458115
                                ],
                                ""
                            ],
                            "Start Frame": 14.0,
                            "End Frame": 18.0
                        },
                        {
                            "Parameters": [
                                "Toe_1_BR",
                                [
                                    0.0,
                                    0.0,
                                    0.0
                                ],
                                ""
                            ],
                            "Start Frame": 28.0,
                            "End Frame": 28.0
                        }
                    ]
                }
            }
        }
    ],
    "0x6798565b": [
        {
            "Hash": "0xea41822a",
            "Unknown": 29,
            "Event": {
                "FloorContact": {
                    "Hold Array": [
                        {
                            "Parameters": [
                                "Toe_1_BR",
                                [
                                    0.04399999976158142,
                                    -0.03700000047683716,
                                    0.004999999888241291
                                ],
                                ""
                            ],
                            "Start Frame": 0.0,
                            "End Frame": 4.0
                        },
                        {
                            "Parameters": [
                                "Toe_1_BL",
                                [
                                    0.09000000357627869,
                                    -0.02500000037252903,
                                    -0.0860000029206276
                                ],
                                ""
                            ],
                            "Start Frame": 14.0,
                            "End Frame": 19.0
                        },
                        {
                            "Parameters": [
                                "Toe_1_BR",
                                [
                                    0.0,
                                    0.0,
                                    0.0
                                ],
                                ""
                            ],
                            "Start Frame": 28.0,
                            "End Frame": 28.0
                        }
                    ]
                }
            }
        }
    ],
    "0xf3599d32": [
        {
            "Hash": "0x1ad84c25",
            "Unknown": 29,
            "Event": {
                "FloorContact": {
                    "Hold Array": [
                        {
                            "Parameters": [
                                "Toe_1_BR",
                                [
                                    -0.0010000000474974513,
                                    0.0,
                                    -0.21799999475479126
                                ],
                                ""
                            ],
                            "Start Frame": 0.0,
                            "End Frame": 4.0
                        },
                        {
                            "Parameters": [
                                "Toe_1_BL",
                                [
                                    0.0,
                                    -0.1420000046491623,
                                    0.06199999898672104
                                ],
                                ""
                            ],
                            "Start Frame": 12.0,
                            "End Frame": 18.0
                        },
                        {
                            "Parameters": [
                                "Toe_1_BR",
                                [
                                    0.0,
                                    -0.1420000046491623,
                                    0.06199999898672104
                                ],
                                ""
                            ],
                            "Start Frame": 26.0,
                            "End Frame": 28.0
                        }
                    ]
                }
            }
        }
    ]
}