{
    "0x8d3e68b8": [
        {
            "Hash": "0xe69d5b94",
            "Unknown": 750,
            "Event": {
                "FloorContact": {
                    "Hold Array": [
                        {
                            "Parameters": [
                                "Toe_L",
                                [
                                    0.029999999329447746,
                                    0.01600000075995922,
                                    0.026000000536441803
                                ],
                                ""
                            ],
                            "Start Frame": 439.0,
                            "End Frame": 749.0
                        },
                        {
                            "Parameters": [
                                "Toe_R",
                                [
                                    -0.006000000052154064,
                                    0.04899999871850014,
                                    0.012000000104308128
                                ],
                                ""
                            ],
                            "Start Frame": 439.0,
                            "End Frame": 749.0
                        },
                        {
                            "Parameters": [
                                "Ankle_R",
                                [
                                    -0.0010000000474974513,
                                    0.006000000052154064,
                                    -0.01600000075995922
                                ],
                                ""
                            ],
                            "Start Frame": 440.0,
                            "End Frame": 749.0
                        },
                        {
                            "Parameters": [
                                "Ankle_L",
                                [
                                    0.017999999225139618,
                                    -0.004999999888241291,
                                    -0.0010000000474974513
                                ],
                                ""
                            ],
                            "Start Frame": 441.0,
                            "End Frame": 749.0
                        }
                    ]
                }
            }
        }
    ]
}