{
    "0x74decd2f": [
        {
            "Hash": "0x1dfa01e5",
            "Unknown": 76,
            "Event": {
                "FloorContact": {
                    "Hold Array": [
                        {
                            "Parameters": [
                                "Toe_L",
                                [
                                    0.0020000000949949026,
                                    -0.003000000026077032,
                                    -0.0010000000474974513
                                ],
                                ""
                            ],
                            "Start Frame": 57.0,
                            "End Frame": 75.0
                        }
                    ]
                }
            }
        }
    ],
    "0x766cc0a8": [
        {
            "Hash": "0x012c9e88",
            "Unknown": 479,
            "Event": {
                "FloorContact": {
                    "Hold Array": [
                        {
                            "Parameters": [
                                "Toe_L",
                                [
                                    -0.004999999888241291,
                                    0.0,
                                    0.03200000151991844
                                ],
                                ""
                            ],
                            "Start Frame": 369.0,
                            "End Frame": 380.0
                        },
                        {
                            "Parameters": [
                                "Toe_R",
                                [
                                    -0.0010000000474974513,
                                    -0.003000000026077032,
                                    0.04100000113248825
                                ],
                                ""
                            ],
                            "Start Frame": 375.0,
                            "End Frame": 430.0
                        },
                        {
                            "Parameters": [
                                "Toe_L",
                                [
                                    -0.006000000052154064,
                                    -0.0010000000474974513,
                                    0.061000000685453415
                                ],
                                ""
                            ],
                            "Start Frame": 385.0,
                            "End Frame": 421.0
                        },
                        {
                            "Parameters": [
                                "Ankle_L",
                                [
                                    -0.006000000052154064,
                                    -0.00800000037997961,
                                    0.10000000149011612
                                ],
                                ""
                            ],
                            "Start Frame": 396.0,
                            "End Frame": 425.0
                        },
                        {
                            "Parameters": [
                                "Ankle_R",
                                [
                                    -0.008999999612569809,
                                    -0.014000000432133675,
                                    0.11999999731779099
                                ],
                                ""
                            ],
                            "Start Frame": 414.0,
                            "End Frame": 434.0
                        }
                    ]
                }
            }
        }
    ],
    "0xca12bdd4": [
        {
            "Hash": "0x2fd93b0c",
            "Unknown": 144,
            "Event": {
                "FloorContact": {
                    "Hold Array": [
                        {
                            "Parameters": [
                                "Toe_R",
                                [
                                    0.0010000000474974513,
                                    0.0,
                                    0.0
                                ],
                                ""
                            ],
                            "Start Frame": 0.0,
                            "End Frame": 143.0
                        }
                    ]
                }
            }
        }
    ]
}