{
    "0xad92d536": [
        {
            "Hash": "0x172b319e",
            "Unknown": 47,
            "Event": {
                "FloorContact": {
                    "Hold Array": [
                        {
                            "Parameters": [
                                "Ankle_R",
                                [
                                    0.017000000923871994,
                                    0.0,
                                    -0.08900000154972076
                                ],
                                ""
                            ],
                            "Start Frame": 14.0,
                            "End Frame": 16.0
                        },
                        {
                            "Parameters": [
                                "Toe_R",
                                [
                                    0.0020000000949949026,
                                    -0.04600000008940697,
                                    -0.14399999380111694
                                ],
                                ""
                            ],
                            "Start Frame": 14.0,
                            "End Frame": 46.0
                        },
                        {
                            "Parameters": [
                                "Ankle_L",
                                [
                                    0.0,
                                    0.0,
                                    -0.04899999871850014
                                ],
                                ""
                            ],
                            "Start Frame": 17.0,
                            "End Frame": 46.0
                        },
                        {
                            "Parameters": [
                                "Toe_L",
                                [
                                    -0.007000000216066837,
                                    -0.020999999716877937,
                                    -0.07599999755620956
                                ],
                                ""
                            ],
                            "Start Frame": 18.0,
                            "End Frame": 46.0
                        }
                    ]
                }
            }
        }
    ],
    "0xe45c7129": [
        {
            "Hash": "0xeff995af",
            "Unknown": 61,
            "Event": {
                "FloorContact": {
                    "Hold Array": [
                        {
                            "Parameters": [
                                "Toe_R",
                                [
                                    0.0,
                                    0.0,
                                    0.0
                                ],
                                ""
                            ],
                            "Start Frame": 0.0,
                            "End Frame": 60.0
                        },
                        {
                            "Parameters": [
                                "Toe_L",
                                [
                                    0.0,
                                    0.0,
                                    0.0
                                ],
                                ""
                            ],
                            "Start Frame": 0.0,
                            "End Frame": 60.0
                        },
                        {
                            "Parameters": [
                                "Ankle_L",
                                [
                                    0.0,
                                    0.0,
                                    0.0
                                ],
                                ""
                            ],
                            "Start Frame": 0.0,
                            "End Frame": 60.0
                        }
                    ]
                }
            }
        }
    ]
}