{
    "0x63be1e79": [
        {
            "Hash": "0x8e733adf",
            "Unknown": 170,
            "Event": {
                "FloorContact": {
                    "Hold Array": [
                        {
                            "Parameters": [
                                "Ankle_L",
                                [
                                    -0.04600000008940697,
                                    -0.05999999865889549,
                                    -0.014999999664723873
                                ],
                                ""
                            ],
                            "Start Frame": 69.0,
                            "End Frame": 169.0
                        },
                        {
                            "Parameters": [
                                "Ankle_R",
                                [
                                    0.052000001072883606,
                                    -0.0689999982714653,
                                    0.007000000216066837
                                ],
                                ""
                            ],
                            "Start Frame": 69.0,
                            "End Frame": 169.0
                        }
                    ]
                }
            }
        }
    ]
}