{
    "0x1f4ec46f": [
        {
            "Hash": "0x00dd102a",
            "Unknown": 210,
            "Event": {
                "FloorContact": {
                    "Hold Array": [
                        {
                            "Parameters": [
                                "Front_Wrist_L",
                                [
                                    0.22300000488758087,
                                    -0.003000000026077032,
                                    0.12999999523162842
                                ],
                                ""
                            ],
                            "Start Frame": 65.0,
                            "End Frame": 96.0
                        },
                        {
                            "Parameters": [
                                "Back_Wrist_L",
                                [
                                    0.0,
                                    0.0,
                                    0.0
                                ],
                                ""
                            ],
                            "Start Frame": 86.0,
                            "End Frame": 88.0
                        },
                        {
                            "Parameters": [
                                "Back_Wrist_R",
                                [
                                    0.012000000104308128,
                                    0.008999999612569809,
                                    0.006000000052154064
                                ],
                                ""
                            ],
                            "Start Frame": 89.0,
                            "End Frame": 91.0
                        }
                    ]
                }
            }
        }
    ],
    "0x663ed67e": [
        {
            "Hash": "0x80d2a939",
            "Unknown": 88,
            "Event": {
                "FloorContact": {
                    "Hold Array": [
                        {
                            "Parameters": [
                                "Front_Ankle_L",
                                [
                                    0.0,
                                    0.0,
                                    0.0
                                ],
                                ""
                            ],
                            "Start Frame": 0.0,
                            "End Frame": 87.0
                        },
                        {
                            "Parameters": [
                                "Front_Toe_A_2_L",
                                [
                                    0.0,
                                    0.0,
                                    0.0
                                ],
                                ""
                            ],
                            "Start Frame": 0.0,
                            "End Frame": 87.0
                        },
                        {
                            "Parameters": [
                                "Back_Toe_A_2_L",
                                [
                                    0.0,
                                    0.0,
                                    0.0
                                ],
                                ""
                            ],
                            "Start Frame": 0.0,
                            "End Frame": 87.0
                        }
                    ]
                }
            }
        }
    ],
    "0xe1a5d241": [
        {
            "Hash": "0xb4df1da0",
            "Unknown": 101,
            "Event": {
                "FloorContact": {
                    "Hold Array": [
                        {
                            "Parameters": [
                                "Front_Ankle_L",
                                [
                                    0.0,
                                    0.0,
                                    0.0
                                ],
                                ""
                            ],
                            "Start Frame": 0.0,
                            "End Frame": 100.0
                        },
                        {
                            "Parameters": [
                                "Front_Toe_A_2_L",
                                [
                                    0.0,
                                    0.0,
                                    0.0
                                ],
                                ""
                            ],
                            "Start Frame": 0.0,
                            "End Frame": 100.0
                        },
                        {
                            "Parameters": [
                                "Back_Toe_A_2_L",
                                [
                                    0.0,
                                    0.0,
                                    0.0
                                ],
                                ""
                            ],
                            "Start Frame": 0.0,
                            "End Frame": 100.0
                        },
                        {
                            "Parameters": [
                                "Back_Toe_A_2_R",
                                [
                                    0.0,
                                    0.0,
                                    0.0
                                ],
                                ""
                            ],
                            "Start Frame": 0.0,
                            "End Frame": 100.0
                        },
                        {
                            "Parameters": [
                                "Front_Toe_A_2_R",
                                [
                                    0.0,
                                    0.0,
                                    0.0
                                ],
                                ""
                            ],
                            "Start Frame": 0.0,
                            "End Frame": 100.0
                        }
                    ]
                }
            }
        }
    ]
}