{
    "0x0a6d80c9": [
        {
            "Hash": "0x12c15aba",
            "Unknown": 171,
            "Event": {
                "FloorContact": {
                    "Hold Array": [
                        {
                            "Parameters": [
                                "Ankle_R",
                                [
                                    0.008999999612569809,
                                    -0.03700000047683716,
                                    0.006000000052154064
                                ],
                                ""
                            ],
                            "Start Frame": 29.0,
                            "End Frame": 170.0
                        }
                    ]
                }
            }
        }
    ],
    "0x4f83bddf": [
        {
            "Hash": "0x89192348",
            "Unknown": 171,
            "Event": {
                "FloorContact": {
                    "Hold Array": [
                        {
                            "Parameters": [
                                "Ankle_R",
                                [
                                    -0.003000000026077032,
                                    -0.017000000923871994,
                                    -0.024000000208616257
                                ],
                                ""
                            ],
                            "Start Frame": 4.0,
                            "End Frame": 170.0
                        },
                        {
                            "Parameters": [
                                "Ankle_L",
                                [
                                    -0.019999999552965164,
                                    -0.10499999672174454,
                                    -0.026000000536441803
                                ],
                                ""
                            ],
                            "Start Frame": 5.0,
                            "End Frame": 170.0
                        }
                    ]
                }
            }
        }
    ],
    "0x56ba245d": [
        {
            "Hash": "0x7ca58b46",
            "Unknown": 171,
            "Event": {
                "FloorContact": {
                    "Hold Array": [
                        {
                            "Parameters": [
                                "Ankle_R",
                                [
                                    -0.017999999225139618,
                                    -0.06499999761581421,
                                    -0.019999999552965164
                                ],
                                ""
                            ],
                            "Start Frame": 12.0,
                            "End Frame": 170.0
                        },
                        {
                            "Parameters": [
                                "Ankle_L",
                                [
                                    -0.02500000037252903,
                                    -0.1120000034570694,
                                    -0.032999999821186066
                                ],
                                ""
                            ],
                            "Start Frame": 15.0,
                            "End Frame": 170.0
                        }
                    ]
                }
            }
        }
    ],
    "0xdb444c68": [
        {
            "Hash": "0x5b7c75c5",
            "Unknown": 171,
            "Event": {
                "FloorContact": {
                    "Hold Array": [
                        {
                            "Parameters": [
                                "Ankle_R",
                                [
                                    -0.014999999664723873,
                                    -0.03400000184774399,
                                    -0.009999999776482582
                                ],
                                ""
                            ],
                            "Start Frame": 38.0,
                            "End Frame": 170.0
                        },
                        {
                            "Parameters": [
                                "Ankle_L",
                                [
                                    -0.012000000104308128,
                                    -0.1080000028014183,
                                    -0.01899999938905239
                                ],
                                ""
                            ],
                            "Start Frame": 39.0,
                            "End Frame": 170.0
                        }
                    ]
                }
            }
        }
    ],
    "0xe3ba08f7": [
        {
            "Hash": "0xf2873f7c",
            "Unknown": 118,
            "Event": {
                "FloorContact": {
                    "Hold Array": [
                        {
                            "Parameters": [
                                "Ankle_R",
                                [
                                    -0.01600000075995922,
                                    -0.05000000074505806,
                                    -0.0020000000949949026
                                ],
                                ""
                            ],
                            "Start Frame": 112.0,
                            "End Frame": 117.0
                        },
                        {
                            "Parameters": [
                                "Ankle_L",
                                [
                                    -0.017999999225139618,
                                    -0.10899999737739563,
                                    -0.013000000268220901
                                ],
                                ""
                            ],
                            "Start Frame": 114.0,
                            "End Frame": 117.0
                        }
                    ]
                }
            }
        }
    ],
    "0xf5b15ae9": [
        {
            "Hash": "0x4bac0096",
            "Unknown": 118,
            "Event": {
                "FloorContact": {
                    "Hold Array": [
                        {
                            "Parameters": [
                                "Ankle_L",
                                [
                                    0.0,
                                    0.0,
                                    0.0
                                ],
                                ""
                            ],
                            "Start Frame": 40.0,
                            "End Frame": 40.0
                        }
                    ]
                }
            }
        }
    ]
}