{
    "0x90f27af5": [
        {
            "Hash": "0xca281d72",
            "Unknown": 151,
            "Event": {
                "FloorContact": {
                    "Hold Array": [
                        {
                            "Parameters": [
                                "Back_Ankle_L",
                                [
                                    0.03999999910593033,
                                    -0.07500000298023224,
                                    0.052000001072883606
                                ],
                                ""
                            ],
                            "Start Frame": 95.0,
                            "End Frame": 129.0
                        },
                        {
                            "Parameters": [
                                "Back_Toe_A_2_R",
                                [
                                    0.027000000700354576,
                                    -0.08299999684095383,
                                    0.05900000035762787
                                ],
                                ""
                            ],
                            "Start Frame": 104.0,
                            "End Frame": 106.0
                        },
                        {
                            "Parameters": [
                                "Back_Ankle_R",
                                [
                                    0.04399999976158142,
                                    -0.057999998331069946,
                                    0.0820000022649765
                                ],
                                ""
                            ],
                            "Start Frame": 105.0,
                            "End Frame": 117.0
                        }
                    ]
                }
            }
        }
    ],
    "0x95a03206": [
        {
            "Hash": "0xf45b4487",
            "Unknown": 61,
            "Event": {
                "FloorContact": {
                    "Hold Array": [
                        {
                            "Parameters": [
                                "Front_Ankle_L",
                                [
                                    0.0,
                                    0.0,
                                    0.0
                                ],
                                ""
                            ],
                            "Start Frame": 0.0,
                            "End Frame": 12.0
                        },
                        {
                            "Parameters": [
                                "Front_Wrist_R",
                                [
                                    0.004000000189989805,
                                    0.014000000432133675,
                                    -0.006000000052154064
                                ],
                                ""
                            ],
                            "Start Frame": 0.0,
                            "End Frame": 27.0
                        },
                        {
                            "Parameters": [
                                "Front_Toe_A_2_L",
                                [
                                    0.0,
                                    0.0,
                                    0.0
                                ],
                                ""
                            ],
                            "Start Frame": 0.0,
                            "End Frame": 60.0
                        },
                        {
                            "Parameters": [
                                "Back_Toe_A_2_L",
                                [
                                    0.0,
                                    0.0,
                                    0.0
                                ],
                                ""
                            ],
                            "Start Frame": 0.0,
                            "End Frame": 60.0
                        },
                        {
                            "Parameters": [
                                "Back_Toe_A_2_R",
                                [
                                    0.0,
                                    0.0,
                                    0.0
                                ],
                                ""
                            ],
                            "Start Frame": 0.0,
                            "End Frame": 60.0
                        },
                        {
                            "Parameters": [
                                "Front_Toe_A_2_R",
                                [
                                    0.0,
                                    0.0,
                                    0.0
                                ],
                                ""
                            ],
                            "Start Frame": 0.0,
                            "End Frame": 60.0
                        },
                        {
                            "Parameters": [
                                "Front_Ankle_R",
                                [
                                    0.10100000351667404,
                                    0.0,
                                    0.06199999898672104
                                ],
                                ""
                            ],
                            "Start Frame": 9.0,
                            "End Frame": 14.0
                        },
                        {
                            "Parameters": [
                                "Back_Wrist_L",
                                [
                                    0.0,
                                    -0.004000000189989805,
                                    -0.01600000075995922
                                ],
                                ""
                            ],
                            "Start Frame": 9.0,
                            "End Frame": 17.0
                        },
                        {
                            "Parameters": [
                                "Front_Ankle_L",
                                [
                                    -0.019999999552965164,
                                    0.0,
                                    -0.007000000216066837
                                ],
                                ""
                            ],
                            "Start Frame": 31.0,
                            "End Frame": 60.0
                        }
                    ]
                }
            }
        }
    ]
}