{
    "0x63be1e79": [
        {
            "Hash": "0x8d290da1",
            "Unknown": 523,
            "Event": {
                "FloorContact": {
                    "Hold Array": [
                        {
                            "Parameters": [
                                "Ankle_L",
                                [
                                    -0.04699999839067459,
                                    -0.05999999865889549,
                                    -0.013000000268220901
                                ],
                                ""
                            ],
                            "Start Frame": 69.0,
                            "End Frame": 522.0
                        },
                        {
                            "Parameters": [
                                "Ankle_R",
                                [
                                    0.052000001072883606,
                                    -0.0689999982714653,
                                    0.004000000189989805
                                ],
                                ""
                            ],
                            "Start Frame": 69.0,
                            "End Frame": 522.0
                        }
                    ]
                }
            }
        }
    ]
}