{
    "0x8dd48149": [
        {
            "Hash": "0x69cb5c4f",
            "Unknown": 48,
            "Event": {
                "FloorContact": {
                    "Hold Array": [
                        {
                            "Parameters": [
                                "Toe_R",
                                [
                                    0.0,
                                    0.0,
                                    0.0
                                ],
                                ""
                            ],
                            "Start Frame": 0.0,
                            "End Frame": 47.0
                        },
                        {
                            "Parameters": [
                                "Ankle_R",
                                [
                                    0.0,
                                    0.0,
                                    0.0
                                ],
                                ""
                            ],
                            "Start Frame": 0.0,
                            "End Frame": 47.0
                        },
                        {
                            "Parameters": [
                                "Ankle_L",
                                [
                                    0.003000000026077032,
                                    -0.004000000189989805,
                                    0.013000000268220901
                                ],
                                ""
                            ],
                            "Start Frame": 4.0,
                            "End Frame": 47.0
                        },
                        {
                            "Parameters": [
                                "Toe_L",
                                [
                                    0.0,
                                    -0.004999999888241291,
                                    0.0010000000474974513
                                ],
                                ""
                            ],
                            "Start Frame": 8.0,
                            "End Frame": 47.0
                        }
                    ]
                }
            }
        }
    ],
    "0xa580b3db": [
        {
            "Hash": "0x18ed2c89",
            "Unknown": 127,
            "Event": {
                "FloorContact": {
                    "Hold Array": [
                        {
                            "Parameters": [
                                "Ankle_R",
                                [
                                    0.0,
                                    0.0,
                                    0.0
                                ],
                                ""
                            ],
                            "Start Frame": 0.0,
                            "End Frame": 50.0
                        },
                        {
                            "Parameters": [
                                "Ankle_L",
                                [
                                    0.006000000052154064,
                                    -0.003000000026077032,
                                    0.01899999938905239
                                ],
                                ""
                            ],
                            "Start Frame": 0.0,
                            "End Frame": 120.5
                        },
                        {
                            "Parameters": [
                                "Toe_L",
                                [
                                    0.003000000026077032,
                                    0.003000000026077032,
                                    0.023000000044703484
                                ],
                                ""
                            ],
                            "Start Frame": 0.0,
                            "End Frame": 124.5
                        },
                        {
                            "Parameters": [
                                "Toe_R",
                                [
                                    0.0,
                                    0.0,
                                    0.0
                                ],
                                ""
                            ],
                            "Start Frame": 0.0,
                            "End Frame": 126.0
                        },
                        {
                            "Parameters": [
                                "Ankle_R",
                                [
                                    0.0,
                                    0.0,
                                    0.0
                                ],
                                ""
                            ],
                            "Start Frame": 61.5,
                            "End Frame": 126.0
                        }
                    ]
                }
            }
        }
    ],
    "0xa680b56e": [
        {
            "Hash": "0xca9aa646",
            "Unknown": 48,
            "Event": {
                "FloorContact": {
                    "Hold Array": [
                        {
                            "Parameters": [
                                "Toe_R",
                                [
                                    0.0,
                                    0.0,
                                    0.0
                                ],
                                ""
                            ],
                            "Start Frame": 0.0,
                            "End Frame": 47.0
                        },
                        {
                            "Parameters": [
                                "Ankle_R",
                                [
                                    0.0,
                                    0.0,
                                    0.0
                                ],
                                ""
                            ],
                            "Start Frame": 0.0,
                            "End Frame": 47.0
                        },
                        {
                            "Parameters": [
                                "Ankle_L",
                                [
                                    0.003000000026077032,
                                    -0.004000000189989805,
                                    0.013000000268220901
                                ],
                                ""
                            ],
                            "Start Frame": 4.0,
                            "End Frame": 47.0
                        },
                        {
                            "Parameters": [
                                "Toe_L",
                                [
                                    0.0,
                                    -0.004999999888241291,
                                    0.0010000000474974513
                                ],
                                ""
                            ],
                            "Start Frame": 8.0,
                            "End Frame": 47.0
                        }
                    ]
                }
            }
        }
    ],
    "0xd1a9e383": [
        {
            "Hash": "0x1caea861",
            "Unknown": 48,