{
    "0x9a84e329": [
        {
            "Hash": "0x9205874e",
            "Unknown": 71,
            "Event": {
                "FloorContact": {
                    "Hold Array": [
                        {
                            "Parameters": [
                                "Toe_R",
                                [
                                    0.052000001072883606,
                                    -0.04899999871850014,
                                    -0.014000000432133675
                                ],
                                ""
                            ],
                            "Start Frame": 53.0,
                            "End Frame": 53.5
                        }
                    ]
                }
            }
        }
    ]
}