{
    "0x562595be": [
        {
            "Hash": "0x05951ecf",
            "Unknown": 71,
            "Event": {
                "FloorContact": {
                    "Hold Array": [
                        {
                            "Parameters": [
                                "Toe_L",
                                [
                                    0.00800000037997961,
                                    -0.054999999701976776,
                                    0.15000000596046448
                                ],
                                ""
                            ],
                            "Start Frame": 0.0,
                            "End Frame": 12.0
                        },
                        {
                            "Parameters": [
                                "Toe_R",
                                [
                                    0.007000000216066837,
                                    -0.05299999937415123,
                                    0.14900000393390656
                                ],
                                ""
                            ],
                            "Start Frame": 0.0,
                            "End Frame": 12.0
                        },
                        {
                            "Parameters": [
                                "Ankle_R",
                                [
                                    0.006000000052154064,
                                    -0.054999999701976776,
                                    0.15000000596046448
                                ],
                                ""
                            ],
                            "Start Frame": 0.0,
                            "End Frame": 12.0
                        },
                        {
                            "Parameters": [
                                "Ankle_L",
                                [
                                    0.00800000037997961,
                                    -0.054999999701976776,
                                    0.15000000596046448
                                ],
                                ""
                            ],
                            "Start Frame": 0.0,
                            "End Frame": 12.0
                        }
                    ]
                }
            }
        }
    ],
    "0xb87dd439": [
        {
            "Hash": "0x4149dcd8",
            "Unknown": 11,
            "Event": {
                "FloorContact": {
                    "Hold Array": [
                        {
                            "Parameters": [
                                "Toe_L",
                                [
                                    0.0,
                                    0.0,
                                    0.0
                                ],
                                ""
                            ],
                            "Start Frame": 0.0,
                            "End Frame": 10.0
                        },
                        {
                            "Parameters": [
                                "Toe_R",
                                [
                                    0.0,
                                    0.0,
                                    0.0
                                ],
                                ""
                            ],
                            "Start Frame": 0.0,
                            "End Frame": 10.0
                        },
                        {
                            "Parameters": [
                                "Ankle_R",
                                [
                                    0.0,
                                    0.0,
                                    0.0
                                ],
                                ""
                            ],
                            "Start Frame": 0.0,
                            "End Frame": 10.0
                        },
                        {
                            "Parameters": [
                                "Ankle_L",
                                [
                                    0.0,
                                    0.0,
                                    0.0
                                ],
                                ""
                            ],
                            "Start Frame": 0.0,
                            "End Frame": 10.0
                        }
                    ]
                }
            }
        }
    ]
}