{
    "0xde8a3986": [
        {
            "Hash": "0x74f657d7",
            "Unknown": 66,
            "Event": {
                "FloorContact": {
                    "Hold Array": [
                        {
                            "Parameters": [
                                "Ankle_R",
                                [
                                    0.0,
                                    -0.3019999861717224,
                                    -0.1379999965429306
                                ],
                                ""
                            ],
                            "Start Frame": 17.0,
                            "End Frame": 65.0
                        },
                        {
                            "Parameters": [
                                "Ankle_L",
                                [
                                    0.09399999678134918,
                                    -0.07900000363588333,
                                    -0.09000000357627869
                                ],
                                ""
                            ],
                            "Start Frame": 19.0,
                            "End Frame": 65.0
                        }
                    ]
                }
            }
        }
    ]
}