{
    "0x42898b0f": [
        {
            "Hash": "0xc22d1d58",
            "Unknown": 122,
            "Event": {
                "FloorContact": {
                    "Hold Array": [
                        {
                            "Parameters": [
                                "Ankle_L",
                                [
                                    0.0,
                                    0.0,
                                    0.0
                                ],
                                ""
                            ],
                            "Start Frame": 0.0,
                            "End Frame": 121.0
                        },
                        {
                            "Parameters": [
                                "Ankle_R",
                                [
                                    0.0,
                                    0.0010000000474974513,
                                    0.0
                                ],
                                ""
                            ],
                            "Start Frame": 0.0,
                            "End Frame": 121.0
                        }
                    ]
                }
            }
        }
    ],
    "0xd76c75f3": [
        {
            "Hash": "0x4304dcdc",
            "Unknown": 201,
            "Event": {
                "FloorContact": {
                    "Hold Array": [
                        {
                            "Parameters": [
                                "Ankle_L",
                                [
                                    0.0,
                                    0.0010000000474974513,
                                    0.0
                                ],
                                ""
                            ],
                            "Start Frame": 0.0,
                            "End Frame": 200.0
                        },
                        {
                            "Parameters": [
                                "Ankle_R",
                                [
                                    0.019999999552965164,
                                    0.0020000000949949026,
                                    0.003000000026077032
                                ],
                                ""
                            ],
                            "Start Frame": 0.0,
                            "End Frame": 200.0
                        }
                    ]
                }
            }
        }
    ]
}