{
    "0x1fdf90cf": [
        {
            "Hash": "0x521cfa6f",
            "Unknown": 192,
            "Event": {
                "FloorContact": {
                    "Hold Array": [
                        {
                            "Parameters": [
                                "Toe_L",
                                [
                                    0.0,
                                    0.0,
                                    0.0
                                ],
                                ""
                            ],
                            "Start Frame": 0.0,
                            "End Frame": 52.0
                        },
                        {
                            "Parameters": [
                                "Toe_L",
                                [
                                    0.0,
                                    0.0010000000474974513,
                                    0.0
                                ],
                                ""
                            ],
                            "Start Frame": 68.0,
                            "End Frame": 98.0
                        },
                        {
                            "Parameters": [
                                "Toe_R",
                                [
                                    -0.0020000000949949026,
                                    0.0,
                                    -0.006000000052154064
                                ],
                                ""
                            ],
                            "Start Frame": 94.0,
                            "End Frame": 191.0
                        },
                        {
                            "Parameters": [
                                "Toe_L",
                                [
                                    0.0,
                                    -0.0010000000474974513,
                                    0.0
                                ],
                                ""
                            ],
                            "Start Frame": 130.0,
                            "End Frame": 191.0
                        }
                    ]
                }
            }
        }
    ],
    "0x366b836e": [
        {
            "Hash": "0x119b02f0",
            "Unknown": 95,
            "Event": {
                "FloorContact": {
                    "Hold Array": [
                        {
                            "Parameters": [
                                "Toe_L",
                                [
                                    0.0,
                                    0.0,
                                    0.0
                                ],
                                ""
                            ],
                            "Start Frame": 0.0,
                            "End Frame": 94.0
                        },
                        {
                            "Parameters": [
                                "Toe_R",
                                [
                                    0.0,
                                    0.0,
                                    0.0
                                ],
                                ""
                            ],
                            "Start Frame": 0.0,
                            "End Frame": 94.0
                        }
                    ]
                }
            }
        }
    ]
}