{
    "0x4da44ef0": [
        {
            "Hash": "0xa5f2e8c0",
            "Unknown": 291,
            "Event": {
                "FloorContact": {
                    "Hold Array": [
                        {
                            "Parameters": [
                                "Toe_L",
                                [
                                    0.0,
                                    0.0,
                                    0.0
                                ],
                                ""
                            ],
                            "Start Frame": 0.0,
                            "End Frame": 290.0
                        },
                        {
                            "Parameters": [
                                "Ankle_L",
                                [
                                    0.0,
                                    0.0,
                                    0.0
                                ],
                                ""
                            ],
                            "Start Frame": 0.0,
                            "End Frame": 290.0
                        },
                        {
                            "Parameters": [
                                "Toe_R",
                                [
                                    0.0010000000474974513,
                                    -0.004999999888241291,
                                    0.010999999940395355
                                ],
                                ""
                            ],
                            "Start Frame": 256.0,
                            "End Frame": 290.0
                        },
                        {
                            "Parameters": [
                                "Ankle_R",
                                [
                                    0.0,
                                    -0.006000000052154064,
                                    0.009999999776482582
                                ],
                                ""
                            ],
                            "Start Frame": 256.0,
                            "End Frame": 290.0
                        }
                    ]
                }
            }
        }
    ]
}