{
    "0x371a3071": [
        {
            "Hash": "0xe6e0257e",
            "Unknown": 221,
            "Event": {
                "FloorContact": {
                    "Hold Array": [
                        {
                            "Parameters": [
                                "Ankle_L",
                                [
                                    0.0,
                                    0.0,
                                    0.0
                                ],
                                ""
                            ],
                            "Start Frame": 0.0,
                            "End Frame": 220.0
                        },
                        {
                            "Parameters": [
                                "Ankle_R",
                                [
                                    0.0,
                                    0.0,
                                    0.0
                                ],
                                ""
                            ],
                            "Start Frame": 0.0,
                            "End Frame": 220.0
                        }
                    ]
                }
            }
        }
    ],
    "0xd0003ab5": [
        {
            "Hash": "0xa3bf7fe0",
            "Unknown": 51,
            "Event": {
                "FloorContact": {
                    "Hold Array": [
                        {
                            "Parameters": [
                                "Ankle_L",
                                [
                                    0.026000000536441803,
                                    0.0,
                                    -0.026000000536441803
                                ],
                                ""
                            ],
                            "Start Frame": 0.0,
                            "End Frame": 2.0
                        },
                        {
                            "Parameters": [
                                "Ankle_R",
                                [
                                    -0.06499999761581421,
                                    -0.009999999776482582,
                                    0.06599999964237213
                                ],
                                ""
                            ],
                            "Start Frame": 0.0,
                            "End Frame": 10.0
                        },
                        {
                            "Parameters": [
                                "Ankle_L",
                                [
                                    -0.01600000075995922,
                                    -0.026000000536441803,
                                    0.02500000037252903
                                ],
                                ""
                            ],
                            "Start Frame": 9.0,
                            "End Frame": 22.0
                        },
                        {
                            "Parameters": [
                                "Ankle_R",
                                [
                                    -0.0020000000949949026,
                                    -0.052000001072883606,
                                    0.004999999888241291
                                ],
                                ""
                            ],
                            "Start Frame": 20.0,
                            "End Frame": 44.0
                        },
                        {
                            "Parameters": [
                                "Ankle_L",
                                [
                                    0.010999999940395355,
                                    -0.10599999874830246,
                                    -0.008999999612569809
                                ],
                                ""
                            ],
                            "Start Frame": 35.0,
                            "End Frame": 50.0
                        }
                    ]
                }
            }
        }
    ],
    "0xdc5f1088": [
        {
            "Hash": "0x9b08db0b",
            "Unknown": 51,
            "Event": {
                "FloorContact": {
                    "Hold Array": [
                        {
                            "Parameters": [
                                "Ankle_L",
                                [
                                    0.0,
                                    0.0,
                                    0.0
                                ],
                                ""
                            ],
                            "Start Frame": 0.0,
                            "End Frame": 2.0
                        },
                        {
                            "Parameters": [
                                "Ankle_R",
                                [
                                    0.0,
                                    0.0,
                                    0.0
                                ],
                                ""
                            ],
                            "Start Frame": 0.0,
                            "End Frame": 50.0
                        },
                        {
                            "Parameters": [
                                "Ankle_L",
                                [
                                    -0.006000000052154064,
                                    -0.017000000923871994,
                                    0.007000000216066837
                                ],
                                ""
                            ],
                            "Start Frame": 10.0,
                            "End Frame": 50.0
                        }
                    ]
                }
            }
        }
    ],
    "0xf4b87a1b": [
        {
            "Hash": "0xfb03d134",
            "Unknown": 220,
            "Event": {
                "FloorContact": {
                    "Hold Array": [
                        {
                            "Parameters": [
                                "Ankle_L",
                                [
                                    0.0,
                                    0.0,
                                    0.0
                                ],
                                ""
                            ],
                            "Start Frame": 0.0,
                            "End Frame": 219.0
                        },
                        {
                            "Parameters": [
                                "Ankle_R",
                                [
                                    0.0,
                                    0.0,
                                    0.0
                                ],
                                ""
                            ],
                            "Start Frame": 0.0,
                            "End Frame": 219.0
                        }
                    ]
                }
            }
        }
    ]
}