{
    "0x0682a929": [
        {
            "Hash": "0x6d618f7b",
            "Unknown": 65,
            "Event": {
                "FloorContact": {
                    "Hold Array": [
                        {
                            "Parameters": [
                                "Ankle_L",
                                [
                                    0.0,
                                    0.0,
                                    0.0
                                ],
                                ""
                            ],
                            "Start Frame": 0.0,
                            "End Frame": 64.0
                        },
                        {
                            "Parameters": [
                                "Ankle_R",
                                [
                                    -0.0010000000474974513,
                                    0.0,
                                    0.0010000000474974513
                                ],
                                ""
                            ],
                            "Start Frame": 0.0,
                            "End Frame": 64.0
                        },
                        {
                            "Parameters": [
                                "Toe_R",
                                [
                                    -0.0010000000474974513,
                                    0.0,
                                    0.0010000000474974513
                                ],
                                ""
                            ],
                            "Start Frame": 0.0,
                            "End Frame": 64.0
                        },
                        {
                            "Parameters": [
                                "Toe_L",
                                [
                                    0.0,
                                    0.0,
                                    0.0
                                ],
                                ""
                            ],
                            "Start Frame": 0.0,
                            "End Frame": 64.0
                        }
                    ]
                }
            }
        }
    ],
    "0xa22a598f": [
        {
            "Hash": "0x5bfd0d51",
            "Unknown": 111,
            "Event": {
                "FloorContact": {
                    "Hold Array": [
                        {
                            "Parameters": [
                                "Ankle_L",
                                [
                                    0.0,
                                    0.0,
                                    0.0
                                ],
                                ""
                            ],
                            "Start Frame": 0.0,
                            "End Frame": 110.0
                        },
                        {
                            "Parameters": [
                                "Ankle_R",
                                [
                                    0.0,
                                    0.0,
                                    0.0
                                ],
                                ""
                            ],
                            "Start Frame": 0.0,
                            "End Frame": 110.0
                        },
                        {
                            "Parameters": [
                                "Toe_R",
                                [
                                    0.0,
                                    0.0,
                                    0.0
                                ],
                                ""
                            ],
                            "Start Frame": 0.0,
                            "End Frame": 110.0
                        },
                        {
                            "Parameters": [
                                "Toe_L",
                                [
                                    0.0,
                                    0.0,
                                    0.0
                                ],
                                ""
                            ],
                            "Start Frame": 0.0,
                            "End Frame": 110.0
                        }
                    ]
                }
            }
        }
    ],
    "0xe3b37028": [
        {
            "Hash": "0x2fbfa3f4",
            "Unknown": 83,
            "Event": {
                "FloorContact": {
                    "Hold Array": [
                        {
                            "Parameters": [
                                "Ankle_L",
                                [
                                    0.0,
                                    0.0,
                                    0.0
                                ],
                                ""
                            ],
                            "Start Frame": 0.0,
                            "End Frame": 2.0
                        },
                        {
                            "Parameters": [
                                "Ankle_R",
                                [
                                    0.0,
                                    0.0,
                                    0.0
                                ],
                                ""
                            ],
                            "Start Frame": 0.0,
                            "End Frame": 6.0
                        },
                        {
                            "Parameters": [
                                "Toe_L",
                                [
                                    0.0,
                                    0.0,
                                    0.0
                                ],
                                ""
                            ],
                            "Start Frame": 0.0,
                            "End Frame": 7.0
                        },
                        {
                            "Parameters": [
                                "Toe_R",
                                [
                                    0.0,
                                    0.0,
                                    0.0
                                ],
                                ""
                            ],
                            "Start Frame": 0.0,
                            "End Frame": 19.0
                        },
                        {
                            "Parameters": [
                                "Ankle_L",
                                [
                                    -0.0020000000949949026,
                                    -0.004000000189989805,
                                    0.00800000037997961
                                ],
                                ""
                            ],
                            "Start Frame": 14.0,
                            "End Frame": 23.0
                        },
                        {
                            "Parameters": [
                                "Toe_L",
                                [
                                    -0.0010000000474974513,
                                    -0.019999999552965164,
                                    -0.02800000086426735
                                ],
                                ""
                            ],
                            "Start Frame": 16.0,