{
    "0x2bd171d0": [
        {
            "Hash": "0xdc365210",
            "Unknown": 50,
            "Event": {
                "FloorContact": {
                    "Hold Array": [
                        {
                            "Parameters": [
                                "Toe_L",
                                [
                                    0.0020000000949949026,
                                    -0.09099999815225601,
                                    -0.012000000104308128
                                ],
                                ""
                            ],
                            "Start Frame": 28.0,
                            "End Frame": 49.0
                        },
                        {
                            "Parameters": [
                                "Ankle_L",
                                [
                                    -0.004999999888241291,
                                    -0.027000000700354576,
                                    -0.019999999552965164
                                ],
                                ""
                            ],
                            "Start Frame": 29.0,
                            "End Frame": 49.0
                        },
                        {
                            "Parameters": [
                                "Toe_R",
                                [
                                    -0.003000000026077032,
                                    -0.07900000363588333,
                                    -0.06300000101327896
                                ],
                                ""
                            ],
                            "Start Frame": 29.0,
                            "End Frame": 49.0
                        },
                        {
                            "Parameters": [
                                "Ankle_R",
                                [
                                    -0.0020000000949949026,
                                    -0.07999999821186066,
                                    -0.06300000101327896
                                ],
                                ""
                            ],
                            "Start Frame": 29.0,
                            "End Frame": 49.0
                        }
                    ]
                }
            }
        }
    ],
    "0x2cd17363": [
        {
            "Hash": "0xe9bbbcb1",
            "Unknown": 110,
            "Event": {
                "FloorContact": {
                    "Hold Array": [
                        {
                            "Parameters": [
                                "Ankle_L",
                                [
                                    0.0,
                                    0.0,
                                    0.0
                                ],
                                ""
                            ],
                            "Start Frame": 0.0,
                            "End Frame": 42.0
                        },
                        {
                            "Parameters": [
                                "Ankle_R",
                                [
                                    0.0,
                                    0.0,
                                    0.0
                                ],
                                ""
                            ],
                            "Start Frame": 0.0,
                            "End Frame": 51.0
                        },
                        {
                            "Parameters": [
                                "Toe_R",
                                [
                                    0.0,
                                    0.0,
                                    0.0
                                ],
                                ""
                            ],
                            "Start Frame": 0.0,
                            "End Frame": 109.0
                        },
                        {
                            "Parameters": [
                                "Toe_L",
                                [
                                    0.0,
                                    0.0,
                                    0.0
                                ],
                                ""
                            ],
                            "Start Frame": 0.0,
                            "End Frame": 109.0
                        },
                        {
                            "Parameters": [
                                "Ankle_L",
                                [
                                    -0.0010000000474974513,
                                    -0.006000000052154064,
                                    -0.004000000189989805
                                ],
                                ""
                            ],
                            "Start Frame": 90.0,
                            "End Frame": 109.0
                        },
                        {
                            "Parameters": [
                                "Ankle_R",
                                [
                                    0.0010000000474974513,
                                    -0.003000000026077032,
                                    -0.0020000000949949026
                                ],
                                ""
                            ],
                            "Start Frame": 93.0,
                            "End Frame": 109.0
                        }
                    ]
                }
            }
        }
    ]
}