{
    "0x153170bd": [
        {
            "Hash": "0x40b312c7",
            "Unknown": 237,
            "Event": {
                "FloorContact": {
                    "Hold Array": [
                        {
                            "Parameters": [
                                "Toe_R",
                                [
                                    -0.1420000046491623,
                                    0.18400000035762787,
                                    0.08799999952316284
                                ],
                                ""
                            ],
                            "Start Frame": 90.0,
                            "End Frame": 90.0
                        },
                        {
                            "Parameters": [
                                "Ankle_R",
                                [
                                    -0.06499999761581421,
                                    0.27300000190734863,
                                    0.0729999989271164
                                ],
                                ""
                            ],
                            "Start Frame": 90.0,
                            "End Frame": 90.0
                        }
                    ]
                }
            }
        }
    ],
    "0x1fe996e8": [
        {
            "Hash": "0xc726ca34",
            "Unknown": 134,
            "Event": {
                "FloorContact": {
                    "Hold Array": [
                        {
                            "Parameters": [
                                "Toe_R",
                                [
                                    -0.03999999910593033,
                                    -300.4010009765625,
                                    0.017000000923871994
                                ],
                                ""
                            ],
                            "Start Frame": 75.0,
                            "End Frame": 75.0
                        },
                        {
                            "Parameters": [
                                "Ankle_R",
                                [
                                    0.01600000075995922,
                                    -300.364013671875,
                                    -0.01899999938905239
                                ],
                                ""
                            ],
                            "Start Frame": 75.0,
                            "End Frame": 75.0
                        }
                    ]
                }
            }
        }
    ],
    "0x9807d4c6": [
        {
            "Hash": "0xf197af12",
            "Unknown": 217,
            "Event": {
                "FloorContact": {
                    "Hold Array": [
                        {
                            "Parameters": [
                                "Ankle_R",
                                [
                                    -0.014000000432133675,
                                    -300.364013671875,
                                    0.019999999552965164
                                ],
                                ""
                            ],
                            "Start Frame": 75.0,
                            "End Frame": 75.0
                        },
                        {
                            "Parameters": [
                                "Toe_R",
                                [
                                    0.039000000804662704,
                                    -300.4010009765625,
                                    -0.019999999552965164
                                ],
                                ""
                            ],
                            "Start Frame": 75.0,
                            "End Frame": 75.0
                        }
                    ]
                }
            }
        }
    ]
}