{
    "0x3184ec6c": [
        {
            "Hash": "0x786d3181",
            "Unknown": 308,
            "Event": {
                "FloorContact": {
                    "Hold Array": [
                        {
                            "Parameters": [
                                "Toe_R",
                                [
                                    0.0,
                                    0.0,
                                    0.0
                                ],
                                ""
                            ],
                            "Start Frame": 0.0,
                            "End Frame": 252.0
                        },
                        {
                            "Parameters": [
                                "Toe_L",
                                [
                                    0.0,
                                    0.0,
                                    0.0
                                ],
                                ""
                            ],
                            "Start Frame": 0.0,
                            "End Frame": 307.0
                        },
                        {
                            "Parameters": [
                                "Toe_R",
                                [
                                    -0.00800000037997961,
                                    -0.026000000536441803,
                                    0.0820000022649765
                                ],
                                ""
                            ],
                            "Start Frame": 259.0,
                            "End Frame": 261.0
                        },
                        {
                            "Parameters": [
                                "Toe_R",
                                [
                                    0.00800000037997961,
                                    -0.014000000432133675,
                                    0.004999999888241291
                                ],
                                ""
                            ],
                            "Start Frame": 265.0,
                            "End Frame": 307.0
                        }
                    ]
                }
            }
        }
    ],
    "0x503caab7": [
        {
            "Hash": "0x03359908",
            "Unknown": 93,
            "Event": {
                "FloorContact": {
                    "Hold Array": [
                        {
                            "Parameters": [
                                "Toe_R",
                                [
                                    0.0,
                                    0.0,
                                    0.0
                                ],
                                ""
                            ],
                            "Start Frame": 0.0,
                            "End Frame": 4.0
                        },
                        {
                            "Parameters": [
                                "Toe_L",
                                [
                                    0.0,
                                    0.0,
                                    0.0
                                ],
                                ""
                            ],
                            "Start Frame": 0.0,
                            "End Frame": 92.0
                        },
                        {
                            "Parameters": [
                                "Ankle_L",
                                [
                                    0.0,
                                    0.0,
                                    0.0
                                ],
                                ""
                            ],
                            "Start Frame": 0.0,
                            "End Frame": 92.0
                        },
                        {
                            "Parameters": [
                                "Toe_R",
                                [
                                    0.0010000000474974513,
                                    -0.004000000189989805,
                                    0.0
                                ],
                                ""
                            ],
                            "Start Frame": 11.0,
                            "End Frame": 92.0
                        },
                        {
                            "Parameters": [
                                "Ankle_R",
                                [
                                    0.0,
                                    -0.003000000026077032,
                                    0.0
                                ],
                                ""
                            ],
                            "Start Frame": 12.0,
                            "End Frame": 92.0
                        }
                    ]
                }
            }
        }
    ],
    "0x954319a8": [
        {
            "Hash": "0xd905fd8d",
            "Unknown": 143,
            "Event": {
                "FloorContact": {
                    "Hold Array": [
                        {
                            "Parameters": [
                                "Toe_L",
                                [
                                    0.0,
                                    0.0,
                                    0.0
                                ],
                                ""
                            ],
                            "Start Frame": 0.0,
                            "End Frame": 142.0
                        },
                        {
                            "Parameters": [
                                "Toe_R",
                                [
                                    0.0,
                                    0.0,
                                    0.0
                                ],
                                ""
                            ],
                            "Start Frame": 0.0,
                            "End Frame": 142.0
                        }
                    ]
                }
            }
        }
    ],
    "0x9a84e329": [
        {
            "Hash": "0x55433e22",
            "Unknown": 195,
            "Event": {
                "FloorContact": {
                    "Hold Array": [
                        {
                            "Parameters": [
                                "Toe_L",
                                [
                                    0.0,
                                    0.0,
                                    0.0
                                ],
                                ""
                            ],
                            "Start Frame": 0.0,
                            "End Frame": 194.0
                        },
                        {
                            "Parameters": [
                                "Toe_R",
                                [
                                    0.0,
                                    0.0,
                                    0.0
                                ],
                                ""
                            ],
                            "Start Frame": 0.0,