{
    "0x551d5b2e": [
        {
            "Hash": "0x57168513",
            "Unknown": 51,
            "Event": {
                "FloorContact": {
                    "Hold Array": [
                        {
                            "Parameters": [
                                "Toe_R",
                                [
                                    -0.01899999938905239,
                                    0.004000000189989805,
                                    0.009999999776482582
                                ],
                                ""
                            ],
                            "Start Frame": 1.0,
                            "End Frame": 1.0
                        },
                        {
                            "Parameters": [
                                "Toe_L",
                                [
                                    -0.0010000000474974513,
                                    0.0010000000474974513,
                                    0.0
                                ],
                                ""
                            ],
                            "Start Frame": 1.0,
                            "End Frame": 5.0
                        },
                        {
                            "Parameters": [
                                "Toe_R",
                                [
                                    0.004000000189989805,
                                    -0.014000000432133675,
                                    0.00800000037997961
                                ],
                                ""
                            ],
                            "Start Frame": 7.0,
                            "End Frame": 8.0
                        }
                    ]
                }
            }
        }
    ],
    "0x6b7cb3af": [
        {
            "Hash": "0xbcbcd9dc",
            "Unknown": 71,
            "Event": {
                "FloorContact": {
                    "Hold Array": [
                        {
                            "Parameters": [
                                "Ankle_R",
                                [
                                    0.0,
                                    0.0,
                                    0.0
                                ],
                                ""
                            ],
                            "Start Frame": 0.0,
                            "End Frame": 70.0
                        },
                        {
                            "Parameters": [
                                "Toe_R",
                                [
                                    0.0,
                                    0.0,
                                    0.0
                                ],
                                ""
                            ],
                            "Start Frame": 0.0,
                            "End Frame": 70.0
                        }
                    ]
                }
            }
        }
    ],
    "0xbdb2a018": [
        {
            "Hash": "0xe0233969",
            "Unknown": 101,
            "Event": {
                "FloorContact": {
                    "Hold Array": [
                        {
                            "Parameters": [
                                "Toe_L",
                                [
                                    0.0,
                                    0.0,
                                    0.0
                                ],
                                ""
                            ],
                            "Start Frame": 59.0,
                            "End Frame": 60.0
                        },
                        {
                            "Parameters": [
                                "Toe_R",
                                [
                                    -0.0010000000474974513,
                                    -0.003000000026077032,
                                    0.0020000000949949026
                                ],
                                ""
                            ],
                            "Start Frame": 60.0,
                            "End Frame": 60.0
                        },
                        {
                            "Parameters": [
                                "Toe_R",
                                [
                                    -0.004000000189989805,
                                    0.0,
                                    0.0
                                ],
                                ""
                            ],
                            "Start Frame": 63.0,
                            "End Frame": 65.0
                        }
                    ]
                }
            }
        }
    ],
    "0xc697e3df": [
        {
            "Hash": "0x4c5767b4",
            "Unknown": 96,
            "Event": {
                "FloorContact": {
                    "Hold Array": [
                        {
                            "Parameters": [
                                "Ankle_L",
                                [
                                    0.0,
                                    0.0,
                                    0.0
                                ],
                                ""
                            ],
                            "Start Frame": 0.0,
                            "End Frame": 21.0
                        },
                        {
                            "Parameters": [
                                "Toe_L",
                                [
                                    0.0,
                                    0.0,
                                    0.0
                                ],
                                ""
                            ],
                            "Start Frame": 0.0,
                            "End Frame": 23.0
                        },
                        {
                            "Parameters": [
                                "Ankle_R",
                                [
                                    0.0,
                                    0.0,
                                    0.0
                                ],
                                ""
                            ],
                            "Start Frame": 0.0,
                            "End Frame": 95.0
                        },
                        {
                            "Parameters": [
                                "Toe_R",
                                [
                                    0.0,
                                    0.0,
                                    0.0
                                ],
                                ""
                            ],
                            "Start Frame": 0.0,
                            "End Frame": 95.0
                        },
                        {
                            "Parameters": [
                                "Ankle_L",
                                [
                                    0.004000000189989805,
                                    -0.035999998450279236,
                                    0.0
                                ],
                                ""
                            ],
                            "Start Frame": 33.0,