{
    "0x3c75828d": [
        {
            "Hash": "0x959972fd",
            "Unknown": 168,
            "Event": {
                "FloorContact": {
                    "Hold Array": [
                        {
                            "Parameters": [
                                "Ankle_L",
                                [
                                    0.0,
                                    0.0,
                                    0.0
                                ],
                                ""
                            ],
                            "Start Frame": 0.0,
                            "End Frame": 154.0
                        },
                        {
                            "Parameters": [
                                "Ankle_R",
                                [
                                    0.0,
                                    0.0,
                                    0.0
                                ],
                                ""
                            ],
                            "Start Frame": 0.0,
                            "End Frame": 154.0
                        }
                    ]
                }
            }
        }
    ],
    "0x7e6c65e7": [
        {
            "Hash": "0x3c155aeb",
            "Unknown": 265,
            "Event": {
                "FloorContact": {
                    "Hold Array": [
                        {
                            "Parameters": [
                                "Ankle_R",
                                [
                                    -0.19599999487400055,
                                    -0.05000000074505806,
                                    -0.007000000216066837
                                ],
                                ""
                            ],
                            "Start Frame": 20.0,
                            "End Frame": 264.0
                        },
                        {
                            "Parameters": [
                                "Ankle_L",
                                [
                                    0.30300000309944153,
                                    -0.6169999837875366,
                                    0.289000004529953
                                ],
                                ""
                            ],
                            "Start Frame": 22.0,
                            "End Frame": 264.0
                        }
                    ]
                }
            }
        }
    ],
    "0x8bfac7bf": [
        {
            "Hash": "0xfd84e04f",
            "Unknown": 300,
            "Event": {
                "FloorContact": {
                    "Hold Array": [
                        {
                            "Parameters": [
                                "Ankle_L",
                                [
                                    0.0,
                                    0.0,
                                    0.0
                                ],
                                ""
                            ],
                            "Start Frame": 0.0,
                            "End Frame": 299.0
                        },
                        {
                            "Parameters": [
                                "Ankle_R",
                                [
                                    0.0,
                                    0.0,
                                    0.0
                                ],
                                ""
                            ],
                            "Start Frame": 0.0,
                            "End Frame": 299.0
                        }
                    ]
                }
            }
        }
    ],
    "0x969c7dd6": [
        {
            "Hash": "0x956d4158",
            "Unknown": 173,
            "Event": {
                "FloorContact": {
                    "Hold Array": [
                        {
                            "Parameters": [
                                "Ankle_L",
                                [
                                    0.0,
                                    0.0,
                                    0.0
                                ],
                                ""
                            ],
                            "Start Frame": 0.0,
                            "End Frame": 172.0
                        },
                        {
                            "Parameters": [
                                "Ankle_R",
                                [
                                    0.0,
                                    0.0,
                                    0.0
                                ],
                                ""
                            ],
                            "Start Frame": 0.0,
                            "End Frame": 172.0
                        }
                    ]
                }
            }
        }
    ],
    "0xd1e09301": [
        {
            "Hash": "0xe2200909",
            "Unknown": 240,
            "Event": {
                "FloorContact": {
                    "Hold Array": [
                        {
                            "Parameters": [
                                "Ankle_R",
                                [
                                    0.0,
                                    0.0,
                                    0.0
                                ],
                                ""
                            ],
                            "Start Frame": 0.0,
                            "End Frame": 133.0
                        },
                        {
                            "Parameters": [
                                "Ankle_L",
                                [
                                    0.0,
                                    0.0,
                                    0.0
                                ],
                                ""
                            ],
                            "Start Frame": 0.0,
                            "End Frame": 239.0
                        },
                        {
                            "Parameters": [
                                "Ankle_R",
                                [
                                    -0.04699999839067459,
                                    -0.15600000321865082,
                                    0.08799999952316284
                                ],
                                ""
                            ],
                            "Start Frame": 145.0,
                            "End Frame": 239.0
                        }
                    ]
                }
            }
        }
    ]
}