{
    "0x696173b0": [
        {
            "Hash": "0x8725480d",
            "Unknown": 211,
            "Event": {
                "FloorContact": {
                    "Hold Array": [
                        {
                            "Parameters": [
                                "Ankle_R",
                                [
                                    0.02500000037252903,
                                    0.017000000923871994,
                                    -0.004000000189989805
                                ],
                                ""
                            ],
                            "Start Frame": 0.0,
                            "End Frame": 209.0
                        },
                        {
                            "Parameters": [
                                "Toe_R",
                                [
                                    0.008999999612569809,
                                    0.006000000052154064,
                                    -0.004999999888241291
                                ],
                                ""
                            ],
                            "Start Frame": 0.0,
                            "End Frame": 209.0
                        },
                        {
                            "Parameters": [
                                "Ankle_L",
                                [
                                    0.0,
                                    0.0,
                                    0.0
                                ],
                                ""
                            ],
                            "Start Frame": 0.0,
                            "End Frame": 210.0
                        },
                        {
                            "Parameters": [
                                "Toe_L",
                                [
                                    0.0,
                                    0.0,
                                    0.0
                                ],
                                ""
                            ],
                            "Start Frame": 0.0,
                            "End Frame": 210.0
                        }
                    ]
                }
            }
        }
    ],
    "0xeac0c203": [
        {
            "Hash": "0x8603f8cc",
            "Unknown": 591,
            "Event": {
                "FloorContact": {
                    "Hold Array": [
                        {
                            "Parameters": [
                                "Ankle_L",
                                [
                                    0.0,
                                    0.0,
                                    0.0
                                ],
                                ""
                            ],
                            "Start Frame": 0.0,
                            "End Frame": 17.0
                        },
                        {
                            "Parameters": [
                                "Toe_L",
                                [
                                    0.0,
                                    0.0,
                                    0.0
                                ],
                                ""
                            ],
                            "Start Frame": 0.0,
                            "End Frame": 19.0
                        },
                        {
                            "Parameters": [
                                "Toe_R",
                                [
                                    0.06700000166893005,
                                    -0.010999999940395355,
                                    -0.07599999755620956
                                ],
                                ""
                            ],
                            "Start Frame": 7.0,
                            "End Frame": 86.0
                        },
                        {
                            "Parameters": [
                                "Ankle_R",
                                [
                                    0.05400000140070915,
                                    -0.024000000208616257,
                                    -0.03099999949336052
                                ],
                                ""
                            ],
                            "Start Frame": 8.0,
                            "End Frame": 83.0
                        },
                        {
                            "Parameters": [
                                "Toe_L",
                                [
                                    -0.010999999940395355,
                                    -0.004000000189989805,
                                    0.06300000101327896
                                ],
                                ""
                            ],
                            "Start Frame": 23.0,
                            "End Frame": 105.0
                        },
                        {
                            "Parameters": [
                                "Ankle_L",
                                [
                                    -0.008999999612569809,
                                    -0.0020000000949949026,
                                    0.04899999871850014
                                ],
                                ""
                            ],
                            "Start Frame": 26.0,
                            "End Frame": 105.0
                        },
                        {
                            "Parameters": [
                                "Toe_R",
                                [
                                    -0.05400000140070915,
                                    -0.006000000052154064,
                                    -0.06800000369548798
                                ],
                                ""
                            ],
                            "Start Frame": 95.0,
                            "End Frame": 100.0
                        },
                        {
                            "Parameters": [
                                "Ankle_R",
                                [
                                    -0.039000000804662704,
                                    -0.024000000208616257,
                                    -0.057999998331069946
                                ],
                                ""
                            ],
                            "Start Frame": 96.0,
                            "End Frame": 143.0
                        },
                        {
                            "Parameters": [
                                "Toe_R",
                                [
                                    -0.039000000804662704,
                                    -0.03099999949336052,
                                    -0.013000000268220901
                                ],
                                ""
                            ],
                            "Start Frame": 102.0,
                            "End Frame": 143.0
                        },
                        {
                            "Parameters": [
                                "Toe_L",
                                [
                                    -0.07199999690055847,
                                    -0.009999999776482582,
                                    -0.07599999755620956
                                ],
                                ""
                            ],
                            "Start Frame": 132.0,