{
    "0x5b239c8f": [
        {
            "Hash": "0xb4bf15b7",
            "Unknown": 15,
            "Event": {
                "FloorContact": {
                    "Hold Array": [
                        {
                            "Parameters": [
                                "Leg_5_R",
                                [
                                    0.10000000149011612,
                                    -0.0430000014603138,
                                    0.09300000220537186
                                ],
                                ""
                            ],
                            "Start Frame": 2.0,
                            "End Frame": 4.0
                        },
                        {
                            "Parameters": [
                                "Leg_5_L",
                                [
                                    -0.22200000286102295,
                                    0.05400000140070915,
                                    0.004000000189989805
                                ],
                                ""
                            ],
                            "Start Frame": 2.0,
                            "End Frame": 5.0
                        },
                        {
                            "Parameters": [
                                "Leg_5_R",
                                [
                                    -0.01899999938905239,
                                    -0.10899999737739563,
                                    0.0430000014603138
                                ],
                                ""
                            ],
                            "Start Frame": 9.0,
                            "End Frame": 14.0
                        },
                        {
                            "Parameters": [
                                "Leg_5_L",
                                [
                                    0.01899999938905239,
                                    -0.1080000028014183,
                                    0.04600000008940697
                                ],
                                ""
                            ],
                            "Start Frame": 9.0,
                            "End Frame": 14.0
                        }
                    ]
                }
            }
        }
    ],
    "0x6cf9390f": [
        {
            "Hash": "0xd1d38e47",
            "Unknown": 44,
            "Event": {
                "FloorContact": {
                    "Hold Array": [
                        {
                            "Parameters": [
                                "Leg_5_R",
                                [
                                    0.003000000026077032,
                                    -0.25600001215934753,
                                    0.014999999664723873
                                ],
                                ""
                            ],
                            "Start Frame": 27.0,
                            "End Frame": 43.0
                        },
                        {
                            "Parameters": [
                                "Leg_5_L",
                                [
                                    0.003000000026077032,
                                    -0.22699999809265137,
                                    -0.0010000000474974513
                                ],
                                ""
                            ],
                            "Start Frame": 27.0,
                            "End Frame": 43.0
                        }
                    ]
                }
            }
        }
    ],
    "0x9490c0b3": [
        {
            "Hash": "0x72e4f1e3",
            "Unknown": 22,
            "Event": {
                "FloorContact": {
                    "Hold Array": [
                        {
                            "Parameters": [
                                "Leg_5_R",
                                [
                                    0.003000000026077032,
                                    0.06700000166893005,
                                    0.010999999940395355
                                ],
                                ""
                            ],
                            "Start Frame": 0.0,
                            "End Frame": 2.0
                        },
                        {
                            "Parameters": [
                                "Leg_5_L",
                                [
                                    0.028999999165534973,
                                    0.06700000166893005,
                                    -0.026000000536441803
                                ],
                                ""
                            ],
                            "Start Frame": 0.0,
                            "End Frame": 2.0
                        }
                    ]
                }
            }
        }
    ],
    "0xb09a6d37": [
        {
            "Hash": "0xa54a446b",
            "Unknown": 10,
            "Event": {
                "FloorContact": {
                    "Hold Array": [
                        {
                            "Parameters": [
                                "Leg_5_R",
                                [
                                    0.04399999976158142,
                                    -0.05900000035762787,
                                    0.06400000303983688
                                ],
                                ""
                            ],
                            "Start Frame": 4.0,
                            "End Frame": 7.0
                        }
                    ]
                }
            }
        }
    ],
    "0xc32c7dc0": [
        {
            "Hash": "0x9f0793e2",
            "Unknown": 41,
            "Event": {
                "FloorContact": {
                    "Hold Array": [
                        {
                            "Parameters": [
                                "Leg_5_R",
                                [
                                    -0.0020000000949949026,
                                    -0.024000000208616257,
                                    0.0
                                ],
                                ""
                            ],
                            "Start Frame": 14.0,
                            "End Frame": 30.0
                        }
                    ]
                }
            }
        }
    ],
    "0xd518667b": [
        {
            "Hash": "0x8c1c8bc3",
            "Unknown": 25,
            "Event": {
                "FloorContact": {
                    "Hold Array": [
                        {
                            "Parameters": [
                                "Leg_5_L",
                                [
                                    0.0020000000949949026,
                                    -0.22699999809265137,
                                    -0.012000000104308128
                                ],
                                ""
                            ],
                            "Start Frame": 0.0,
                            "End Frame": 3.0
                        },
                        {
                            "Parameters": [
                                "Leg_5_R",
                                [
                                    0.057999998331069946,
                                    -0.0729999989271164,
                                    -0.34700000286102295
                                ],