{
    "0x6e17baf0": [
        {
            "Hash": "0x267e6cab",
            "Unknown": 211,
            "Event": {
                "FloorContact": {
                    "Hold Array": [
                        {
                            "Parameters": [
                                "Leg_2_R",
                                [
                                    -0.013000000268220901,
                                    -0.004999999888241291,
                                    -0.004999999888241291
                                ],
                                ""
                            ],
                            "Start Frame": 208.0,
                            "End Frame": 210.0
                        }
                    ]
                }
            }
        }
    ]
}