{
    "0x08968044": [
        {
            "Hash": "0xd89e3ac4",
            "Unknown": 61,
            "Event": {
                "FloorContact": {
                    "Hold Array": [
                        {
                            "Parameters": [
                                "Toe_R",
                                [
                                    0.0020000000949949026,
                                    -0.004000000189989805,
                                    0.0020000000949949026
                                ],
                                ""
                            ],
                            "Start Frame": 0.0,
                            "End Frame": 22.0
                        }
                    ]
                }
            }
        }
    ],
    "0x1c7e9ada": [
        {
            "Hash": "0xf8b5c2e2",
            "Unknown": 71,
            "Event": {
                "FloorContact": {
                    "Hold Array": [
                        {
                            "Parameters": [
                                "Toe_R",
                                [
                                    -0.004000000189989805,
                                    -0.020999999716877937,
                                    -0.006000000052154064
                                ],
                                ""
                            ],
                            "Start Frame": 39.0,
                            "End Frame": 70.0
                        }
                    ]
                }
            }
        }
    ],
    "0x2ff70007": [
        {
            "Hash": "0xdc23a3f5",
            "Unknown": 37,
            "Event": {
                "FloorContact": {
                    "Hold Array": [
                        {
                            "Parameters": [
                                "Ankle_R",
                                [
                                    -0.013000000268220901,
                                    -0.08399999886751175,
                                    0.009999999776482582
                                ],
                                ""
                            ],
                            "Start Frame": 18.0,
                            "End Frame": 27.0
                        },
                        {
                            "Parameters": [
                                "Toe_R",
                                [
                                    -0.00800000037997961,
                                    -0.07000000029802322,
                                    0.024000000208616257
                                ],
                                ""
                            ],
                            "Start Frame": 18.0,
                            "End Frame": 36.0
                        },
                        {
                            "Parameters": [
                                "Ankle_L",
                                [
                                    0.035999998450279236,
                                    -0.12300000339746475,
                                    -0.10300000011920929
                                ],
                                ""
                            ],
                            "Start Frame": 19.0,
                            "End Frame": 36.0
                        },
                        {
                            "Parameters": [
                                "Toe_L",
                                [
                                    -0.0020000000949949026,
                                    -0.023000000044703484,
                                    -0.006000000052154064
                                ],
                                ""
                            ],
                            "Start Frame": 20.0,
                            "End Frame": 36.0
                        },
                        {
                            "Parameters": [
                                "Ankle_R",
                                [
                                    0.007000000216066837,
                                    -0.00800000037997961,
                                    -0.0020000000949949026
                                ],
                                ""
                            ],
                            "Start Frame": 33.0,
                            "End Frame": 36.0
                        }
                    ]
                }
            }
        }
    ],
    "0xdfb2d7c9": [
        {
            "Hash": "0x0c7f4247",
            "Unknown": 43,
            "Event": {
                "FloorContact": {
                    "Hold Array": [
                        {
                            "Parameters": [
                                "Toe_L",
                                [
                                    0.0,
                                    0.0,
                                    0.0
                                ],
                                ""
                            ],
                            "Start Frame": 0.0,
                            "End Frame": 42.0
                        },
                        {
                            "Parameters": [
                                "Toe_R",
                                [
                                    0.0,
                                    0.0,
                                    0.0
                                ],
                                ""
                            ],
                            "Start Frame": 0.0,
                            "End Frame": 42.0
                        },
                        {
                            "Parameters": [
                                "Ankle_R",
                                [
                                    0.0,
                                    0.0,
                                    0.0
                                ],
                                ""
                            ],
                            "Start Frame": 0.0,
                            "End Frame": 42.0
                        },
                        {
                            "Parameters": [
                                "Ankle_L",
                                [
                                    0.0,
                                    0.0,
                                    0.0
                                ],
                                ""
                            ],
                            "Start Frame": 0.0,
                            "End Frame": 42.0
                        }
                    ]
                }
            }
        }
    ],
    "0xe5047390": [
        {
            "Hash": "0x15939868",
            "Unknown": 49,
            "Event": {
                "FloorContact": {
                    "Hold Array": [
                        {
                            "Parameters": [
                                "Toe_R",
                                [
                                    0.0,
                                    0.0,
                                    0.0
                                ],
                                ""
                            ],
                            "Start Frame": 0.0,
                            "End Frame": 48.0
                        }
                    ]
                }
            }
        }
    ]
}