{
    "0x3b0c8d5a": [
        {
            "Hash": "0x5f048a2c",
            "Unknown": 47,
            "Event": {
                "FloorContact": {
                    "Hold Array": [
                        {
                            "Parameters": [
                                "Leg_2_R",
                                [
                                    -0.0010000000474974513,
                                    0.0020000000949949026,
                                    -0.003000000026077032
                                ],
                                ""
                            ],
                            "Start Frame": 0.0,
                            "End Frame": 46.0
                        },
                        {
                            "Parameters": [
                                "Leg_2_L",
                                [
                                    -0.0020000000949949026,
                                    -0.004999999888241291,
                                    0.014000000432133675
                                ],
                                ""
                            ],
                            "Start Frame": 0.0,
                            "End Frame": 46.0
                        }
                    ]
                }
            }
        }
    ]
}