{
    "0x1826bad3": [
        {
            "Hash": "0x888f4263",
            "Unknown": 12,
            "Event": {
                "FloorContact": {
                    "Hold Array": [
                        {
                            "Parameters": [
                                "Leg_2_R",
                                [
                                    0.0,
                                    -0.0010000000474974513,
                                    -0.028999999165534973
                                ],
                                ""
                            ],
                            "Start Frame": 0.0,
                            "End Frame": 0.0
                        },
                        {
                            "Parameters": [
                                "Leg_2_L",
                                [
                                    0.0,
                                    -0.0010000000474974513,
                                    -0.028999999165534973
                                ],
                                ""
                            ],
                            "Start Frame": 0.0,
                            "End Frame": 0.0
                        }
                    ]
                }
            }
        }
    ],
    "0x39708602": [
        {
            "Hash": "0x4adab558",
            "Unknown": 35,
            "Event": {
                "FloorContact": {
                    "Hold Array": [
                        {
                            "Parameters": [
                                "Leg_2_R",
                                [
                                    -0.0010000000474974513,
                                    -0.09099999815225601,
                                    -0.003000000026077032
                                ],
                                ""
                            ],
                            "Start Frame": 29.0,
                            "End Frame": 34.0
                        },
                        {
                            "Parameters": [
                                "Leg_2_L",
                                [
                                    -0.0010000000474974513,
                                    -0.09099999815225601,
                                    -0.003000000026077032
                                ],
                                ""
                            ],
                            "Start Frame": 29.0,
                            "End Frame": 34.0
                        }
                    ]
                }
            }
        }
    ],
    "0xec0e728a": [
        {
            "Hash": "0xcabda020",
            "Unknown": 61,
            "Event": {
                "FloorContact": {
                    "Hold Array": [
                        {
                            "Parameters": [
                                "Leg_2_R",
                                [
                                    0.0,
                                    0.0,
                                    0.0
                                ],
                                ""
                            ],
                            "Start Frame": 0.0,
                            "End Frame": 60.0
                        },
                        {
                            "Parameters": [
                                "Leg_2_L",
                                [
                                    0.0,
                                    0.0,
                                    0.0
                                ],
                                ""
                            ],
                            "Start Frame": 0.0,
                            "End Frame": 60.0
                        }
                    ]
                }
            }
        }
    ]
}