{
    "0xe5a060fa": [
        {
            "Hash": "0xd00044ef",
            "Unknown": 37,
            "Event": {
                "FloorContact": {
                    "Hold Array": [
                        {
                            "Parameters": [
                                "Ankle_R",
                                [
                                    0.0,
                                    -0.0020000000949949026,
                                    -0.014999999664723873
                                ],
                                ""
                            ],
                            "Start Frame": 0.0,
                            "End Frame": 17.0
                        },
                        {
                            "Parameters": [
                                "Ankle_L",
                                [
                                    0.0,
                                    -0.010999999940395355,
                                    0.009999999776482582
                                ],
                                ""
                            ],
                            "Start Frame": 15.0,
                            "End Frame": 35.0
                        },
                        {
                            "Parameters": [
                                "Ankle_R",
                                [
                                    0.0,
                                    -0.010999999940395355,
                                    0.009999999776482582
                                ],
                                ""
                            ],
                            "Start Frame": 33.0,
                            "End Frame": 36.0
                        }
                    ]
                }
            }
        }
    ]
}