{
    "0x70aebf04": [
        {
            "Hash": "0xfcdda3a1",
            "Unknown": 9,
            "Event": {
                "FloorContact": {
                    "Hold Array": [
                        {
                            "Parameters": [
                                "Leg_2_L",
                                [
                                    0.004999999888241291,
                                    -0.006000000052154064,
                                    0.003000000026077032
                                ],
                                ""
                            ],
                            "Start Frame": 0.0,
                            "End Frame": 1.0
                        },
                        {
                            "Parameters": [
                                "Leg_2_R",
                                [
                                    0.004000000189989805,
                                    -0.00800000037997961,
                                    0.007000000216066837
                                ],
                                ""
                            ],
                            "Start Frame": 0.0,
                            "End Frame": 1.0
                        },
                        {
                            "Parameters": [
                                "Leg_2_L",
                                [
                                    -0.02500000037252903,
                                    -0.06499999761581421,
                                    -0.00800000037997961
                                ],
                                ""
                            ],
                            "Start Frame": 7.0,
                            "End Frame": 8.0
                        },
                        {
                            "Parameters": [
                                "Leg_2_R",
                                [
                                    0.003000000026077032,
                                    -0.07999999821186066,
                                    -0.004000000189989805
                                ],
                                ""
                            ],
                            "Start Frame": 7.0,
                            "End Frame": 8.0
                        }
                    ]
                }
            }
        }
    ],
    "0x76aec876": [
        {
            "Hash": "0x32ff3cbb",
            "Unknown": 9,
            "Event": {
                "FloorContact": {
                    "Hold Array": [
                        {
                            "Parameters": [
                                "Leg_2_L",
                                [
                                    -0.010999999940395355,
                                    -0.003000000026077032,
                                    -0.007000000216066837
                                ],
                                ""
                            ],
                            "Start Frame": 0.0,
                            "End Frame": 1.0
                        },
                        {
                            "Parameters": [
                                "Leg_2_R",
                                [
                                    0.0020000000949949026,
                                    -0.007000000216066837,
                                    -0.0020000000949949026
                                ],
                                ""
                            ],
                            "Start Frame": 0.0,
                            "End Frame": 1.0
                        },
                        {
                            "Parameters": [
                                "Leg_2_L",
                                [
                                    -0.026000000536441803,
                                    -0.05000000074505806,
                                    -0.02199999988079071
                                ],
                                ""
                            ],
                            "Start Frame": 7.0,
                            "End Frame": 8.0
                        },
                        {
                            "Parameters": [
                                "Leg_2_R",
                                [
                                    0.014000000432133675,
                                    -0.061000000685453415,
                                    0.003000000026077032
                                ],
                                ""
                            ],
                            "Start Frame": 7.0,
                            "End Frame": 8.0
                        }
                    ]
                }
            }
        }
    ],
    "0x99b67735": [
        {
            "Hash": "0x66556246",
            "Unknown": 2,
            "Event": {
                "FloorContact": {
                    "Hold Array": [
                        {
                            "Parameters": [
                                "Leg_2_L",
                                [
                                    0.0,
                                    0.0,
                                    0.0
                                ],
                                ""
                            ],
                            "Start Frame": 0.0,
                            "End Frame": 1.0
                        },
                        {
                            "Parameters": [
                                "Leg_2_R",
                                [
                                    0.0,
                                    0.0,
                                    0.0
                                ],
                                ""
                            ],
                            "Start Frame": 0.0,
                            "End Frame": 1.0
                        }
                    ]
                }
            }
        }
    ],
    "0x9c05ea8a": [
        {
            "Hash": "0x116fe22d",
            "Unknown": 11,
            "Event": {
                "FloorContact": {
                    "Hold Array": [
                        {
                            "Parameters": [
                                "Leg_2_R",
                                [
                                    0.003000000026077032,
                                    0.004999999888241291,
                                    -0.009999999776482582
                                ],
                                ""
                            ],
                            "Start Frame": 0.0,
                            "End Frame": 2.0
                        },
                        {
                            "Parameters": [
                                "Leg_2_L",
                                [
                                    0.0010000000474974513,
                                    -0.0010000000474974513,
                                    -0.023000000044703484
                                ],
                                ""
                            ],
                            "Start Frame": 0.0,
                            "End Frame": 10.0
                        },
                        {
                            "Parameters": [
                                "Leg_2_R",
                                [
                                    0.004999999888241291,
                                    -0.012000000104308128,
                                    0.006000000052154064
                                ],
                                ""
                            ],