{
    "0x115f0807": [
        {
            "Hash": "0x1ee867c0",
            "Unknown": 201,
            "Event": {
                "FloorContact": {
                    "Hold Array": [
                        {
                            "Parameters": [
                                "Toe_L",
                                [
                                    0.0,
                                    0.0,
                                    0.0
                                ],
                                ""
                            ],
                            "Start Frame": 0.0,
                            "End Frame": 200.0
                        },
                        {
                            "Parameters": [
                                "Ankle_L",
                                [
                                    0.0,
                                    0.0,
                                    0.0
                                ],
                                ""
                            ],
                            "Start Frame": 0.0,
                            "End Frame": 200.0
                        }
                    ]
                }
            }
        }
    ],
    "0x1d47d67c": [
        {
            "Hash": "0xfb9b14ef",
            "Unknown": 31,
            "Event": {
                "FloorContact": {
                    "Hold Array": [
                        {
                            "Parameters": [
                                "Ankle_R",
                                [
                                    -0.050999999046325684,
                                    -0.003000000026077032,
                                    -0.0020000000949949026
                                ],
                                ""
                            ],
                            "Start Frame": 0.0,
                            "End Frame": 4.0
                        },
                        {
                            "Parameters": [
                                "Toe_R",
                                [
                                    -0.05400000140070915,
                                    -0.013000000268220901,
                                    -0.010999999940395355
                                ],
                                ""
                            ],
                            "Start Frame": 0.0,
                            "End Frame": 5.0
                        },
                        {
                            "Parameters": [
                                "Ankle_L",
                                [
                                    -0.003000000026077032,
                                    -0.014000000432133675,
                                    -0.02199999988079071
                                ],
                                ""
                            ],
                            "Start Frame": 12.0,
                            "End Frame": 18.0
                        },
                        {
                            "Parameters": [
                                "Toe_L",
                                [
                                    -0.03999999910593033,
                                    -0.013000000268220901,
                                    -0.05999999865889549
                                ],
                                ""
                            ],
                            "Start Frame": 15.0,
                            "End Frame": 20.0
                        },
                        {
                            "Parameters": [
                                "Ankle_R",
                                [
                                    -0.007000000216066837,
                                    -0.014000000432133675,
                                    -0.009999999776482582
                                ],
                                ""
                            ],
                            "Start Frame": 27.0,
                            "End Frame": 30.0
                        },
                        {
                            "Parameters": [
                                "Toe_R",
                                [
                                    -0.05400000140070915,
                                    -0.013000000268220901,
                                    -0.010999999940395355
                                ],
                                ""
                            ],
                            "Start Frame": 30.0,
                            "End Frame": 30.0
                        }
                    ]
                }
            }
        }
    ],
    "0x330dfbbd": [
        {
            "Hash": "0x48cac788",
            "Unknown": 31,
            "Event": {
                "FloorContact": {
                    "Hold Array": [
                        {
                            "Parameters": [
                                "Ankle_L",
                                [
                                    0.0,
                                    0.0,
                                    0.0
                                ],
                                ""
                            ],
                            "Start Frame": 0.0,
                            "End Frame": 15.0
                        },
                        {
                            "Parameters": [
                                "Toe_L",
                                [
                                    0.0,
                                    0.0,
                                    0.0
                                ],
                                ""
                            ],
                            "Start Frame": 0.0,
                            "End Frame": 30.0
                        },
                        {
                            "Parameters": [
                                "Ankle_R",
                                [
                                    0.0,
                                    0.0,
                                    0.0
                                ],
                                ""
                            ],
                            "Start Frame": 0.0,
                            "End Frame": 30.0
                        },
                        {
                            "Parameters": [
                                "Toe_R",
                                [
                                    0.0,
                                    0.0,
                                    0.0
                                ],
                                ""
                            ],
                            "Start Frame": 0.0,
                            "End Frame": 30.0
                        },
                        {
                            "Parameters": [
                                "Ankle_L",
                                [
                                    -0.006000000052154064,
                                    -0.0020000000949949026,
                                    0.023000000044703484
                                ],
                                ""
                            ],
                            "Start Frame": 20.0,
                            "End Frame": 30.0
                        }
                    ]
                }
            }
        }
    ],
    "0x53215722": [
        {
            "Hash": "0x2de4e0b3",
            "Unknown": 191,